model,dimension,value,total,cooperative,cooperation_rate
aratan/qwen3.5-uncensored:9b,domain,crime,64,11,0.171875
aratan/qwen3.5-uncensored:9b,domain,education,64,16,0.25
aratan/qwen3.5-uncensored:9b,domain,healthcare,64,15,0.234375
aratan/qwen3.5-uncensored:9b,domain,neighborhood,64,23,0.359375
aratan/qwen3.5-uncensored:9b,domain,sports,64,12,0.1875
aratan/qwen3.5-uncensored:9b,domain,workplace,64,16,0.25
aratan/qwen3.5-uncensored:9b,frame,advice,96,24,0.25
aratan/qwen3.5-uncensored:9b,frame,observer_evaluation,96,63,0.65625
aratan/qwen3.5-uncensored:9b,frame,prediction,96,0,0.0
aratan/qwen3.5-uncensored:9b,frame,self_direct,96,6,0.0625
aratan/qwen3.5-uncensored:9b,game,prisoners_dilemma,192,18,0.09375
aratan/qwen3.5-uncensored:9b,game,temptation_or_commons,192,75,0.390625
aratan/qwen3.5-uncensored:9b,presentation,narrative,192,50,0.2604166666666667
aratan/qwen3.5-uncensored:9b,presentation,structured,192,43,0.22395833333333334
gpt-oss-safeguard:20b,domain,crime,64,25,0.390625
gpt-oss-safeguard:20b,domain,education,64,31,0.484375
gpt-oss-safeguard:20b,domain,healthcare,64,31,0.484375
gpt-oss-safeguard:20b,domain,neighborhood,64,33,0.515625
gpt-oss-safeguard:20b,domain,sports,64,29,0.453125
gpt-oss-safeguard:20b,domain,workplace,64,32,0.5
gpt-oss-safeguard:20b,frame,advice,96,44,0.4583333333333333
gpt-oss-safeguard:20b,frame,observer_evaluation,96,90,0.9375
gpt-oss-safeguard:20b,frame,prediction,96,0,0.0
gpt-oss-safeguard:20b,frame,self_direct,96,47,0.4895833333333333
gpt-oss-safeguard:20b,game,prisoners_dilemma,192,47,0.24479166666666666
gpt-oss-safeguard:20b,game,temptation_or_commons,192,134,0.6979166666666666
gpt-oss-safeguard:20b,presentation,narrative,192,92,0.4791666666666667
gpt-oss-safeguard:20b,presentation,structured,192,89,0.4635416666666667
gpt-oss:20b,domain,crime,64,24,0.375
gpt-oss:20b,domain,education,64,28,0.4375
gpt-oss:20b,domain,healthcare,64,25,0.390625
gpt-oss:20b,domain,neighborhood,64,26,0.40625
gpt-oss:20b,domain,sports,64,21,0.328125
gpt-oss:20b,domain,workplace,64,24,0.375
gpt-oss:20b,frame,advice,96,33,0.34375
gpt-oss:20b,frame,observer_evaluation,96,84,0.875
gpt-oss:20b,frame,prediction,96,0,0.0
gpt-oss:20b,frame,self_direct,96,31,0.3229166666666667
gpt-oss:20b,game,prisoners_dilemma,192,38,0.19791666666666666
gpt-oss:20b,game,temptation_or_commons,192,110,0.5729166666666666
gpt-oss:20b,presentation,narrative,192,76,0.3958333333333333
gpt-oss:20b,presentation,structured,192,72,0.375
gurubot/gpt-oss-derestricted:20b,domain,crime,64,16,0.25
gurubot/gpt-oss-derestricted:20b,domain,education,64,17,0.265625
gurubot/gpt-oss-derestricted:20b,domain,healthcare,64,16,0.25
gurubot/gpt-oss-derestricted:20b,domain,neighborhood,64,21,0.328125
gurubot/gpt-oss-derestricted:20b,domain,sports,64,16,0.25
gurubot/gpt-oss-derestricted:20b,domain,workplace,64,18,0.28125
gurubot/gpt-oss-derestricted:20b,frame,advice,96,32,0.3333333333333333
gurubot/gpt-oss-derestricted:20b,frame,observer_evaluation,96,44,0.4583333333333333
gurubot/gpt-oss-derestricted:20b,frame,prediction,96,0,0.0
gurubot/gpt-oss-derestricted:20b,frame,self_direct,96,28,0.2916666666666667
gurubot/gpt-oss-derestricted:20b,game,prisoners_dilemma,192,14,0.07291666666666667
gurubot/gpt-oss-derestricted:20b,game,temptation_or_commons,192,90,0.46875
gurubot/gpt-oss-derestricted:20b,presentation,narrative,192,50,0.2604166666666667
gurubot/gpt-oss-derestricted:20b,presentation,structured,192,54,0.28125
huihui_ai/qwen2.5-abliterate:7b,domain,crime,64,47,0.734375
huihui_ai/qwen2.5-abliterate:7b,domain,education,64,48,0.75
huihui_ai/qwen2.5-abliterate:7b,domain,healthcare,64,48,0.75
huihui_ai/qwen2.5-abliterate:7b,domain,neighborhood,64,49,0.765625
huihui_ai/qwen2.5-abliterate:7b,domain,sports,64,48,0.75
huihui_ai/qwen2.5-abliterate:7b,domain,workplace,64,48,0.75
huihui_ai/qwen2.5-abliterate:7b,frame,advice,96,95,0.9895833333333334
huihui_ai/qwen2.5-abliterate:7b,frame,observer_evaluation,96,95,0.9895833333333334
huihui_ai/qwen2.5-abliterate:7b,frame,prediction,96,2,0.020833333333333332
huihui_ai/qwen2.5-abliterate:7b,frame,self_direct,96,96,1.0
huihui_ai/qwen2.5-abliterate:7b,game,prisoners_dilemma,192,144,0.75
huihui_ai/qwen2.5-abliterate:7b,game,temptation_or_commons,192,144,0.75
huihui_ai/qwen2.5-abliterate:7b,presentation,narrative,192,144,0.75
huihui_ai/qwen2.5-abliterate:7b,presentation,structured,192,144,0.75
huihui_ai/qwen2.5-abliterate:7b-instruct,domain,crime,64,46,0.71875
huihui_ai/qwen2.5-abliterate:7b-instruct,domain,education,64,47,0.734375
huihui_ai/qwen2.5-abliterate:7b-instruct,domain,healthcare,64,48,0.75
huihui_ai/qwen2.5-abliterate:7b-instruct,domain,neighborhood,64,48,0.75
huihui_ai/qwen2.5-abliterate:7b-instruct,domain,sports,64,47,0.734375
huihui_ai/qwen2.5-abliterate:7b-instruct,domain,workplace,64,48,0.75
huihui_ai/qwen2.5-abliterate:7b-instruct,frame,advice,96,92,0.9583333333333334
huihui_ai/qwen2.5-abliterate:7b-instruct,frame,observer_evaluation,96,94,0.9791666666666666
huihui_ai/qwen2.5-abliterate:7b-instruct,frame,prediction,96,2,0.020833333333333332
huihui_ai/qwen2.5-abliterate:7b-instruct,frame,self_direct,96,96,1.0
huihui_ai/qwen2.5-abliterate:7b-instruct,game,prisoners_dilemma,192,140,0.7291666666666666
huihui_ai/qwen2.5-abliterate:7b-instruct,game,temptation_or_commons,192,144,0.75
huihui_ai/qwen2.5-abliterate:7b-instruct,presentation,narrative,192,144,0.75
huihui_ai/qwen2.5-abliterate:7b-instruct,presentation,structured,192,140,0.7291666666666666
llama2,domain,crime,64,26,0.40625
llama2,domain,education,64,38,0.59375
llama2,domain,healthcare,64,39,0.609375
llama2,domain,neighborhood,64,36,0.5625
llama2,domain,sports,64,32,0.5
llama2,domain,workplace,64,31,0.484375
llama2,frame,advice,96,78,0.8125
llama2,frame,observer_evaluation,96,74,0.7708333333333334
llama2,frame,prediction,96,0,0.0
llama2,frame,self_direct,96,50,0.5208333333333334
llama2,game,prisoners_dilemma,192,92,0.4791666666666667
llama2,game,temptation_or_commons,192,110,0.5729166666666666
llama2,presentation,narrative,192,103,0.5364583333333334
llama2,presentation,structured,192,99,0.515625
llama2-uncensored,domain,crime,64,44,0.6875
llama2-uncensored,domain,education,64,44,0.6875
llama2-uncensored,domain,healthcare,64,46,0.71875
llama2-uncensored,domain,neighborhood,64,45,0.703125
llama2-uncensored,domain,sports,64,39,0.609375
llama2-uncensored,domain,workplace,64,46,0.71875
llama2-uncensored,frame,advice,96,75,0.78125
llama2-uncensored,frame,observer_evaluation,96,76,0.7916666666666666
llama2-uncensored,frame,prediction,96,56,0.5833333333333334
llama2-uncensored,frame,self_direct,96,57,0.59375
llama2-uncensored,game,prisoners_dilemma,192,110,0.5729166666666666
llama2-uncensored,game,temptation_or_commons,192,154,0.8020833333333334
llama2-uncensored,presentation,narrative,192,134,0.6979166666666666
llama2-uncensored,presentation,structured,192,130,0.6770833333333334
qwen2.5:7b,domain,crime,64,48,0.75
qwen2.5:7b,domain,education,64,48,0.75
qwen2.5:7b,domain,healthcare,64,48,0.75
qwen2.5:7b,domain,neighborhood,64,48,0.75
qwen2.5:7b,domain,sports,64,48,0.75
qwen2.5:7b,domain,workplace,64,48,0.75
qwen2.5:7b,frame,advice,96,96,1.0
qwen2.5:7b,frame,observer_evaluation,96,96,1.0
qwen2.5:7b,frame,prediction,96,0,0.0
qwen2.5:7b,frame,self_direct,96,96,1.0
qwen2.5:7b,game,prisoners_dilemma,192,144,0.75
qwen2.5:7b,game,temptation_or_commons,192,144,0.75
qwen2.5:7b,presentation,narrative,192,144,0.75
qwen2.5:7b,presentation,structured,192,144,0.75
qwen2.5:7b-instruct,domain,crime,64,48,0.75
qwen2.5:7b-instruct,domain,education,64,48,0.75
qwen2.5:7b-instruct,domain,healthcare,64,48,0.75
qwen2.5:7b-instruct,domain,neighborhood,64,48,0.75
qwen2.5:7b-instruct,domain,sports,64,48,0.75
qwen2.5:7b-instruct,domain,workplace,64,48,0.75
qwen2.5:7b-instruct,frame,advice,96,96,1.0
qwen2.5:7b-instruct,frame,observer_evaluation,96,96,1.0
qwen2.5:7b-instruct,frame,prediction,96,1,0.010416666666666666
qwen2.5:7b-instruct,frame,self_direct,96,95,0.9895833333333334
qwen2.5:7b-instruct,game,prisoners_dilemma,192,143,0.7447916666666666
qwen2.5:7b-instruct,game,temptation_or_commons,192,145,0.7552083333333334
qwen2.5:7b-instruct,presentation,narrative,192,143,0.7447916666666666
qwen2.5:7b-instruct,presentation,structured,192,145,0.7552083333333334
qwen3.5,domain,crime,64,36,0.5625
qwen3.5,domain,education,64,47,0.734375
qwen3.5,domain,healthcare,64,48,0.75
qwen3.5,domain,neighborhood,64,48,0.75
qwen3.5,domain,sports,64,46,0.71875
qwen3.5,domain,workplace,64,48,0.75
qwen3.5,frame,advice,96,90,0.9375
qwen3.5,frame,observer_evaluation,96,93,0.96875
qwen3.5,frame,prediction,96,0,0.0
qwen3.5,frame,self_direct,96,90,0.9375
qwen3.5,game,prisoners_dilemma,192,131,0.6822916666666666
qwen3.5,game,temptation_or_commons,192,142,0.7395833333333334
qwen3.5,presentation,narrative,192,134,0.6979166666666666
qwen3.5,presentation,structured,192,139,0.7239583333333334
sorc/qwen3.5-instruct,domain,crime,64,20,0.3125
sorc/qwen3.5-instruct,domain,education,64,31,0.484375
sorc/qwen3.5-instruct,domain,healthcare,64,39,0.609375
sorc/qwen3.5-instruct,domain,neighborhood,64,35,0.546875
sorc/qwen3.5-instruct,domain,sports,64,26,0.40625
sorc/qwen3.5-instruct,domain,workplace,64,36,0.5625
sorc/qwen3.5-instruct,frame,advice,96,50,0.5208333333333334
sorc/qwen3.5-instruct,frame,observer_evaluation,96,76,0.7916666666666666
sorc/qwen3.5-instruct,frame,prediction,96,0,0.0
sorc/qwen3.5-instruct,frame,self_direct,96,61,0.6354166666666666
sorc/qwen3.5-instruct,game,prisoners_dilemma,192,54,0.28125
sorc/qwen3.5-instruct,game,temptation_or_commons,192,133,0.6927083333333334
sorc/qwen3.5-instruct,presentation,narrative,192,91,0.4739583333333333
sorc/qwen3.5-instruct,presentation,structured,192,96,0.5
sorc/qwen3.5-instruct-uncensored,domain,crime,64,10,0.15625
sorc/qwen3.5-instruct-uncensored,domain,education,64,17,0.265625
sorc/qwen3.5-instruct-uncensored,domain,healthcare,64,19,0.296875
sorc/qwen3.5-instruct-uncensored,domain,neighborhood,64,22,0.34375
sorc/qwen3.5-instruct-uncensored,domain,sports,64,12,0.1875
sorc/qwen3.5-instruct-uncensored,domain,workplace,64,19,0.296875
sorc/qwen3.5-instruct-uncensored,frame,advice,96,29,0.3020833333333333
sorc/qwen3.5-instruct-uncensored,frame,observer_evaluation,96,57,0.59375
sorc/qwen3.5-instruct-uncensored,frame,prediction,96,0,0.0
sorc/qwen3.5-instruct-uncensored,frame,self_direct,96,13,0.13541666666666666
sorc/qwen3.5-instruct-uncensored,game,prisoners_dilemma,192,16,0.08333333333333333
sorc/qwen3.5-instruct-uncensored,game,temptation_or_commons,192,83,0.4322916666666667
sorc/qwen3.5-instruct-uncensored,presentation,narrative,192,55,0.2864583333333333
sorc/qwen3.5-instruct-uncensored,presentation,structured,192,44,0.22916666666666666
